/blog/analises/dd-2024-orcs-monstros-ou-personagens/	/blog/dd-2024-orcs-monstros-ou-personagens/
/blog/analises/desabafo-do-pior-tradutor-do-mundo/	/blog/desabafo-do-pior-tradutor-do-mundo/
/blog/analises/dragon-delves-critica-suplemento-wizards/	/blog/dragon-delves-critica-suplemento-wizards/
/blog/analises/dragon-delves-entrevista/	/blog/dragon-delves-entrevista/
/blog/analises/lunatar-rpg-smzinho-colucci/	/blog/lunatar-rpg-smzinho-colucci/
/blog/analises/nivellon-rpg-ze-trevisan-brumas-nao-jogo/	/blog/nivellon-rpg-ze-trevisan-brumas-nao-jogo/
/blog/analises/opiniao-dnd-ua-2025-como-concertar-o-ladino-adepto-da-trindade/	/blog/opiniao-dnd-ua-2025-como-concertar-o-ladino-adepto-da-trindade/
/blog/analises/psionico-revisado-ua-setembro-2025-analise-pdf/	/blog/psionico-revisado-ua-setembro-2025-analise-pdf/
/blog/analises/rebel-scum-removido-no-drivethru-por-ser-antifascista/	/blog/rebel-scum-removido-no-drivethru-por-ser-antifascista/
/blog/analises/shadow-of-the-weird-wizard-analise/	/blog/shadow-of-the-weird-wizard-analise/
/blog/guias/como-interpretar-um-dragao/	/blog/como-interpretar-um-dragao/
/blog/guias/e-bom-trair-no-rpg-e-maravilhoso-ser-infiel/	/blog/e-bom-trair-no-rpg-e-maravilhoso-ser-infiel/
/blog/guias/guia-de-todas-as-aventuras-oficiais-de-dd-5e/	/blog/guia-de-todas-as-aventuras-oficiais-de-dd-5e/
/blog/guias/o-que-e-rpg-de-mesa-historia-no-brasil-e-beneficios/	/blog/o-que-e-rpg-de-mesa-historia-no-brasil-e-beneficios/
/blog/guias/rpg-em-geral/como-jogar-rpg-de-mesa-guia-completo-para-iniciantes/	/blog/como-jogar-rpg-de-mesa-guia-completo-para-iniciantes/
/blog/guias/rpg-em-geral/o-que-e-rpg/comecar-aventura-rpg-impacto/	/blog/comecar-aventura-rpg-impacto/
/blog/guias/rpg-em-geral/o-que-e-rpg/guia-definitivo-sistema-jogo-cenario/	/blog/guia-definitivo-sistema-jogo-cenario/
/blog/guias/rpg-em-geral/o-que-e-rpg/tipos-de-rpg-de-mesa-as-tres-formas-de-jogar/	/blog/tipos-de-rpg-de-mesa-as-tres-formas-de-jogar/
/dnd/como-interpretar-um-paladino-em-dd-sem-ser-chato-dicas-e-exemplos/	/blog/como-interpretar-um-paladino-em-dd-sem-ser-chato-dicas-e-exemplos/
/dnd/como-usar-detectar-pensamentos-dnd/	/blog/como-usar-detectar-pensamentos-dnd/
/dnd/critica-anime-5e-tria-financiamento/	/blog/critica-anime-5e-tria-financiamento/
/dnd/dd-2024-guia-completo-de-deslocamento-movimento-e-imobilizacao/	/blog/dd-2024-guia-completo-de-deslocamento-movimento-e-imobilizacao/
/dnd/dd-impulsiona-lucro-da-hasbro-em-2025/	/blog/dd-impulsiona-lucro-da-hasbro-em-2025/
/dnd/dnd-2024-como-funciona-phantasmal-force-forca-espectral/	/blog/dnd-2024-como-funciona-phantasmal-force-forca-espectral/
/dnd/dnd-2024-guia-completo-de-foco-arcano-e-de-conjuracao/	/blog/dnd-2024-guia-completo-de-foco-arcano-e-de-conjuracao/
/dnd/dnd-5e-lancamento-de-personagens-e-missoes-pela-excelsior/	/blog/dnd-5e-lancamento-de-personagens-e-missoes-pela-excelsior/
/dnd/dnd-esconder-furtividade-2024/	/blog/dnd-esconder-furtividade-2024/
/dnd/download-gratuito-do-pdf-unearthed-arcana-eberron-updates-em-portugues/	/blog/download-gratuito-do-pdf-unearthed-arcana-eberron-updates-em-portugues/
/dnd/eberron-forge-artificer-dd5e/	/blog/eberron-forge-artificer-dd5e/
/dnd/guardiao-no-dd-5-5e-principais-diferencas-entre-o-velho/	/blog/guardiao-no-dd-5-5e-principais-diferencas-entre-o-velho/
/dnd/hasbro-magic-e-dd-em-crise-queda-nas-vendas-e-lancamento-em-2025/	/blog/hasbro-magic-e-dd-em-crise-queda-nas-vendas-e-lancamento-em-2025/
/dnd/heroes-of-the-borderlands-starter-set-critica/	/blog/heroes-of-the-borderlands-starter-set-critica/
/dnd/jeremy-crawford-chris-perkins-saida-wizards-6e/	/blog/jeremy-crawford-chris-perkins-saida-wizards-6e/
/dnd/retorno-dark-sun-wizards-cenario-que-volta-ao-radar/	/blog/retorno-dark-sun-wizards-cenario-que-volta-ao-radar/
/dnd/ua-subclasses-horror-analise-traducao/	/blog/ua-subclasses-horror-analise-traducao/
/dnd/unearthed-arcana-2025-o-psionico-traducao-e-analise/	/blog/unearthed-arcana-2025-o-psionico-traducao-e-analise/
/downloads/critica-traducao-ua-2025-subclasses-apocalipticas/	/blog/critica-traducao-ua-2025-subclasses-apocalipticas/
/downloads/guia-conversao-dnd-2024-srd-portugues/	/blog/guia-conversao-dnd-2024-srd-portugues/
/downloads/ua-2026-subclasses-misticas-analise-e-traducao/	/blog/ua-2026-subclasses-misticas-analise-e-traducao/
/entrevistas/rafael-mendes-castles-crusades/	/blog/rafael-mendes-castles-crusades/
/entrevistas/rpg-psicologia-analitica-wilsius-norte/	/blog/rpg-psicologia-analitica-wilsius-norte/
/noticias/7th-sea-nova-direcao-studio-agate-pesquisa-patreon/	/blog/7th-sea-nova-direcao-studio-agate-pesquisa-patreon/
/noticias/a-lenda-de-drizzt-vol-13-mar-de-espadas-e-lancado-no-brasil/	/blog/a-lenda-de-drizzt-vol-13-mar-de-espadas-e-lancado-no-brasil/
/noticias/analise-financiamento-de-lancer-pela-tria-editora-e-o-que-esperar/	/blog/analise-financiamento-de-lancer-pela-tria-editora-e-o-que-esperar/
/noticias/artigo-para-o-criador-da-5o-edicao-dd-esta-em-declinio/	/blog/artigo-para-o-criador-da-5o-edicao-dd-esta-em-declinio/
/noticias/camazotz-a-sombra-maia-referenciada-em-stranger-things-5/	/blog/camazotz-a-sombra-maia-referenciada-em-stranger-things-5/
/noticias/chris-perkins-aposentadoria-dnd/	/blog/chris-perkins-aposentadoria-dnd/
/noticias/consulta-publica-classificacao-rpg-2025/	/blog/consulta-publica-classificacao-rpg-2025/
/noticias/critical-role-contrata-criadores-5e/	/blog/critical-role-contrata-criadores-5e/
/noticias/critical-role-daggerheart-data-de-lancamento-e-o-divorcio-com-dd/	/blog/critical-role-daggerheart-data-de-lancamento-e-o-divorcio-com-dd/
/noticias/dd-entra-em-uma-nova-era-e-o-humor-foi-a-primeira-vitima/	/blog/dd-entra-em-uma-nova-era-e-o-humor-foi-a-primeira-vitima/
/noticias/devir-suspende-ace-of-spades-criticas-escravidao/	/blog/devir-suspende-ace-of-spades-criticas-escravidao/
/noticias/dungeon-master-university-faculdade-para-dms/	/blog/dungeon-master-university-faculdade-para-dms/
/noticias/exodus-rpg-dnd-ficcao-cientifica/	/blog/exodus-rpg-dnd-ficcao-cientifica/
/noticias/fantasy-grounds-gratis-o-que-muda-no-rpg-online/	/blog/fantasy-grounds-gratis-o-que-muda-no-rpg-online/
/noticias/giant-skull-e-wizards-anunciam-novo-rpg-de-acao-aaa-de-dd/	/blog/giant-skull-e-wizards-anunciam-novo-rpg-de-acao-aaa-de-dd/
/noticias/grand-cathay-ressurge-o-antigo-mundo-de-warhammer/	/blog/grand-cathay-ressurge-o-antigo-mundo-de-warhammer/
/noticias/green-ronin-paizo-diamond-falencia/	/blog/green-ronin-paizo-diamond-falencia/
/noticias/greg-bilsland-retorna-wizards-dnd/	/blog/greg-bilsland-retorna-wizards-dnd/
/noticias/hasbro-e-dnd-surto-de-ia-e-monetizacao/	/blog/hasbro-e-dnd-surto-de-ia-e-monetizacao/
/noticias/imersao-rpg-identidade-jogador-personagem/	/blog/imersao-rpg-identidade-jogador-personagem/
/noticias/internacional/a-mais-longa-campanha-de-dnd-43-anos/	/blog/a-mais-longa-campanha-de-dnd-43-anos/
/noticias/internacional/dnd-5e-planestriders-journal-ate-que-enfim-lancaram/	/blog/dnd-5e-planestriders-journal-ate-que-enfim-lancaram/
/noticias/internacional/free5e-e-dd-quando-a-imaginacao-nao-tem-custo/	/blog/free5e-e-dd-quando-a-imaginacao-nao-tem-custo/
/noticias/internacional/grimwild-versao-gratuita-do-rpg-de-aventura-cinematica/	/blog/grimwild-versao-gratuita-do-rpg-de-aventura-cinematica/
/noticias/internacional/livro-dos-monstros-de-dd-2024-melhorias-problemas-por-mike-she/	/blog/livro-dos-monstros-de-dd-2024-melhorias-problemas-por-mike-she/
/noticias/internacional/ua-2025-subclasses-de-forgotten-realms-em-portugues-e-opiniao/	/blog/ua-2025-subclasses-de-forgotten-realms-em-portugues-e-opiniao/
/noticias/internacional/unearthed-arcana-2025-o-clerigo-do-conhecimento-funcionou/	/blog/unearthed-arcana-2025-o-clerigo-do-conhecimento-funcionou/
/noticias/jess-lanzillo-saida-wizards-dnd/	/blog/jess-lanzillo-saida-wizards-dnd/
/noticias/jess-lanzillo-white-wolf-world-of-darkness/	/blog/jess-lanzillo-white-wolf-world-of-darkness/
/noticias/kobold-press-black-flag-creative-commons/	/blog/kobold-press-black-flag-creative-commons/
/noticias/lancamentos/arte-da-guerra-nova-era-um-novo-horizonte-para-o-savage-worlds-no-brasil/	/blog/arte-da-guerra-nova-era-um-novo-horizonte-para-o-savage-worlds-no-brasil/
/noticias/lancamentos/dragon-delves-e-o-dd-2024-a-mudanca-que-nao-muda/	/blog/dragon-delves-e-o-dd-2024-a-mudanca-que-nao-muda/
/noticias/lancamentos/entropia-rpg-0-1-e-lancado-pela-d20-culture/	/blog/entropia-rpg-0-1-e-lancado-pela-d20-culture/
/noticias/lancamentos/financiamento-castles-crusades/	/blog/financiamento-castles-crusades/
/noticias/lancamentos/financiamento-coletivo-de-achtung-cthulhu/	/blog/financiamento-coletivo-de-achtung-cthulhu/
/noticias/lancamentos/financiamento-coletivo-historias-na-umbanda-rpg/	/blog/financiamento-coletivo-historias-na-umbanda-rpg/
/noticias/lancamentos/financiamento-de-altaris-rpg-2-o-que-esperar/	/blog/financiamento-de-altaris-rpg-2-o-que-esperar/
/noticias/lancamentos/financiamento-rpg-brasileiro-o-caminho-dos-yokais/	/blog/financiamento-rpg-brasileiro-o-caminho-dos-yokais/
/noticias/lancamentos/invencible-free-league-anuncia-rpg-da-animacao/	/blog/invencible-free-league-anuncia-rpg-da-animacao/
/noticias/lancamentos/lancamento-daggerheart-critical-role/	/blog/lancamento-daggerheart-critical-role/
/noticias/lancamentos/psicomaquia-book-of-the-dead-rpg-brasil/	/blog/psicomaquia-book-of-the-dead-rpg-brasil/
/noticias/lancamentos/ronin-chega-ao-brasil-pela-tria-editora/	/blog/ronin-chega-ao-brasil-pela-tria-editora/
/noticias/lancamentos/ua-2025-atualizacao-de-subclasses-pdf-traduzido-analise/	/blog/ua-2025-atualizacao-de-subclasses-pdf-traduzido-analise/
/noticias/lancamentos/vermilium-rpg-brasil/	/blog/vermilium-rpg-brasil/
/noticias/mutants-masterminds-4e-origem-nova-edicao/	/blog/mutants-masterminds-4e-origem-nova-edicao/
/noticias/nacional/d20-culture-revela-seu-proprio-sistema-de-rpg-nacional/	/blog/d20-culture-revela-seu-proprio-sistema-de-rpg-nacional/
/noticias/nacional/financiamento-coletivo-nacional-guardioes-do-limbo/	/blog/financiamento-coletivo-nacional-guardioes-do-limbo/
/noticias/nacional/financiamento-shadowdark-rpg-um-marco-ou-mais-do-mesmo/	/blog/financiamento-shadowdark-rpg-um-marco-ou-mais-do-mesmo/
/noticias/nacional/hopefinder-do-que-se-trata-o-financimanento-da-tria-editora/	/blog/hopefinder-do-que-se-trata-o-financimanento-da-tria-editora/
/noticias/nacional/rpg-online-9-dias-de-mesas-e-concursos-no-covil-do-lich/	/blog/rpg-online-9-dias-de-mesas-e-concursos-no-covil-do-lich/
/noticias/nacional/tormenta-20-a-libertacao-de-valkaria-o-que-esperar/	/blog/tormenta-20-a-libertacao-de-valkaria-o-que-esperar/
/noticias/neoghaluni-remaster-esta-gratuito-e-ha-algo-grande/	/blog/neoghaluni-remaster-esta-gratuito-e-ha-algo-grande/
/noticias/novo-livro-de-salvatore-foca-em-breezy/	/blog/novo-livro-de-salvatore-foca-em-breezy/
/noticias/o-colapso-do-sigil-como-a-wotc-enterrou-seu-proprio-vtt/	/blog/o-colapso-do-sigil-como-a-wotc-enterrou-seu-proprio-vtt/
/noticias/paizocon-2025-resumo-lancamentos-pathfinder-starfinder/	/blog/paizocon-2025-resumo-lancamentos-pathfinder-starfinder/
/noticias/pathfinder-2e-season-of-ghosts-volume-unico/	/blog/pathfinder-2e-season-of-ghosts-volume-unico/
/noticias/project-dante-cancelado-wizards-enterra-mais-um-game/	/blog/project-dante-cancelado-wizards-enterra-mais-um-game/
/noticias/retorno-da-white-wolf-a-nova-era-do-mundo-das-trevas/	/blog/retorno-da-white-wolf-a-nova-era-do-mundo-das-trevas/
/noticias/rpg-sob-ataque-texas-e-brasil-na-mira-da-censura/	/blog/rpg-sob-ataque-texas-e-brasil-na-mira-da-censura/
/noticias/serie-de-dungeons-dragons-na-netflix-o-que-sabemos-ate-agora/	/blog/serie-de-dungeons-dragons-na-netflix-o-que-sabemos-ate-agora/
/noticias/srd-52-portugues-artificio-rpg-traducao/	/blog/srd-52-portugues-artificio-rpg-traducao/
/noticias/thundercats-rpg-dynamite-5e-lynnvander/	/blog/thundercats-rpg-dynamite-5e-lynnvander/
/noticias/tria-anuncia-urban-shadows-2e-em-portugues/	/blog/tria-anuncia-urban-shadows-2e-em-portugues/
/noticias/tria-editora-anuncia-cosmere-rpg-de-brandon-sanderson/	/blog/tria-editora-anuncia-cosmere-rpg-de-brandon-sanderson/
